id,label,target_btw
seduction,seduction,466.000000
thepassportbros,thepassportbros,300.000000
TrueUnpopularOpinion,TrueUnpopularOpinion,154.750000
selfimprovement,selfimprovement,94.000000
UnbelievableStuff,UnbelievableStuff,92.833333
Productivitycafe,Productivitycafe,59.500000
economicCollapse,economicCollapse,55.000000
questions,questions,50.000000
dating,dating,40.500000
trueratediscussions,trueratediscussions,36.166667
AllThatIsInteresting,AllThatIsInteresting,34.083333
facepalm,facepalm,26.750000
changemyview,changemyview,25.750000
MarkMyWords,MarkMyWords,22.500000
Vent,Vent,19.333333
moviecritic,moviecritic,17.500000
RandomThoughts,RandomThoughts,17.500000
millenials,millenials,16.500000
PurplePillDebate,PurplePillDebate,15.000000
Askpolitics,Askpolitics,15.000000
Life,Life,15.000000
todayilearned,todayilearned,14.000000
dating_advice,dating_advice,14.000000
Adulting,Adulting,13.500000
ask,ask,12.500000
nextfuckinglevel,nextfuckinglevel,11.250000
repost,repost,11.000000
AskUK,AskUK,10.500000
TikTokCringe,TikTokCringe,10.250000
DeepThoughts,DeepThoughts,9.250000
AMA,AMA,8.500000
conspiracy,conspiracy,8.500000
AskRedditAfterDark,AskRedditAfterDark,8.500000
MapPorn,MapPorn,8.250000
movies,movies,8.000000
meirl,meirl,7.500000
gaming,gaming,6.500000
memesopdidnotlike,memesopdidnotlike,6.500000
The10thDentist,The10thDentist,6.000000
TeenagersButBetter,TeenagersButBetter,6.000000
Millennials,Millennials,5.750000
memes,memes,5.333333
teenagers,teenagers,5.000000
Tinder,Tinder,5.000000
SipsTea,SipsTea,4.750000
Asmongold,Asmongold,4.500000
europe,europe,4.500000
aliens,aliens,4.500000
Advice,Advice,4.500000
wallstreetbets,wallstreetbets,4.500000
AskWomenOver30,AskWomenOver30,4.250000
canada,canada,4.000000
nottheonion,nottheonion,4.000000
television,television,4.000000
OldSchoolCool,OldSchoolCool,4.000000
BeAmazed,BeAmazed,4.000000
videogames,videogames,4.000000
short,short,4.000000
BoomersBeingFools,BoomersBeingFools,3.750000
amiwrong,amiwrong,3.500000
JoeRogan,JoeRogan,3.500000
pcmasterrace,pcmasterrace,3.000000
imaginarymapscj,imaginarymapscj,3.000000
ChatGPT,ChatGPT,3.000000
nfl,nfl,3.000000
UkraineWarVideoReport,UkraineWarVideoReport,3.000000
psychologyofsex,psychologyofsex,2.833333
AITA_WIBTA_PUBLIC,AITA_WIBTA_PUBLIC,2.500000
PoliticalCompassMemes,PoliticalCompassMemes,2.500000
trump,trump,2.500000
explainlikeimfive,explainlikeimfive,2.000000
AmItheAsshole,AmItheAsshole,2.000000
PeterExplainsTheJoke,PeterExplainsTheJoke,2.000000
Music,Music,2.000000
MadeMeSmile,MadeMeSmile,2.000000
funny,funny,2.000000
ExplainTheJoke,ExplainTheJoke,2.000000
RoastMe,RoastMe,2.000000
Natalism,Natalism,2.000000
ActualPublicFreakouts,ActualPublicFreakouts,2.000000
therewasanattempt,therewasanattempt,2.000000
Manipulation,Manipulation,2.000000
canadian,canadian,2.000000
martialarts,martialarts,2.000000
notinteresting,notinteresting,2.000000
MurderedByWords,MurderedByWords,1.500000
rareinsults,rareinsults,1.500000
worldnews,worldnews,1.500000
Conservative,Conservative,1.500000
walkaway,walkaway,1.500000
Christianity,Christianity,1.500000
AdviceAnimals,AdviceAnimals,1.500000
Damnthatsinteresting,Damnthatsinteresting,1.500000
mildlyinteresting,mildlyinteresting,1.500000
Wellthatsucks,Wellthatsucks,1.500000
Funnymemes,Funnymemes,1.500000
youtube,youtube,1.500000
cartoons,cartoons,1.500000
stupidquestions,stupidquestions,1.500000
AmIOverreacting,AmIOverreacting,1.500000
confessions,confessions,1.500000
regularcarreviews,regularcarreviews,1.500000
ufc,ufc,1.500000
Grimdank,Grimdank,1.500000
TrueOffMyChest,TrueOffMyChest,1.500000
Marriage,Marriage,1.500000
relationship_advice,relationship_advice,1.500000
Nicegirls,Nicegirls,1.500000
libertarianmeme,libertarianmeme,1.500000
SeriousConversation,SeriousConversation,1.500000
rant,rant,1.250000
FluentInFinance,FluentInFinance,1.000000
Weird,Weird,1.000000
LeftWingMaleAdvocates,LeftWingMaleAdvocates,1.000000
ImTheMainCharacter,ImTheMainCharacter,1.000000
everydaymisandry,everydaymisandry,1.000000
GenX,GenX,1.000000
maybemaybemaybe,maybemaybemaybe,1.000000
playstation,playstation,1.000000
news,news,1.000000
LeopardsAteMyFace,LeopardsAteMyFace,1.000000
houstonwade,houstonwade,1.000000
UFOs,UFOs,1.000000
CriticalDrinker,CriticalDrinker,0.666667
meme,meme,0.500000
interesting,interesting,0.500000
science,science,0.500000
SweatyPalms,SweatyPalms,0.500000
stories,stories,0.500000
ThatsInsane,ThatsInsane,0.500000
Foodforthought,Foodforthought,0.500000
PublicFreakout,PublicFreakout,0.500000
law,law,0.500000
AskMenOver30,AskMenOver30,0.500000
shitposting,shitposting,0.500000
TwoHotTakes,TwoHotTakes,0.500000
PetPeeves,PetPeeves,0.500000
SubredditDrama,SubredditDrama,0.250000
unpopularopinion,unpopularopinion,0.000000
AskReddit,AskReddit,0.000000
mildlyinfuriating,mildlyinfuriating,0.000000
self,self,0.000000
clevercomebacks,clevercomebacks,0.000000
NoStupidQuestions,NoStupidQuestions,0.000000
Steam,Steam,0.000000
the_everything_bubble,the_everything_bubble,0.000000
MensRights,MensRights,0.000000
MindBlowingThings,MindBlowingThings,0.000000
recruitinghell,recruitinghell,0.000000
politics,politics,0.000000
Republican,Republican,0.000000
Showerthoughts,Showerthoughts,0.000000
AITAH,AITAH,0.000000
pics,pics,0.000000
KotakuInAction,KotakuInAction,0.000000
MauLer,MauLer,0.000000
TrueChristian,TrueChristian,0.000000
PowerScaling,PowerScaling,0.000000
animequestions,animequestions,0.000000
entertainment,entertainment,0.000000
texas,texas,0.000000
NewsOfTheStupid,NewsOfTheStupid,0.000000
GenZ,GenZ,0.000000
oddlyspecific,oddlyspecific,0.000000
Unexpected,Unexpected,0.000000
CrazyFuckingVideos,CrazyFuckingVideos,0.000000
technology,technology,0.000000
atheism,atheism,0.000000
geography,geography,0.000000
HistoricalCapsule,HistoricalCapsule,0.000000
comics,comics,0.000000
madlads,madlads,0.000000
woahthatsinteresting,woahthatsinteresting,0.000000
inthenews,inthenews,0.000000
BlackPeopleTwitter,BlackPeopleTwitter,0.000000
popculturechat,popculturechat,0.000000
mildyinteresting,mildyinteresting,0.000000
HistoryMemes,HistoryMemes,0.000000
Satisfyingasfuck,Satisfyingasfuck,0.000000
FuckImOld,FuckImOld,0.000000
absolutelynotme_irl,absolutelynotme_irl,0.000000
BrandNewSentence,BrandNewSentence,0.000000
comedyheaven,comedyheaven,0.000000
KidsAreFuckingStupid,KidsAreFuckingStupid,0.000000
suicidebywords,suicidebywords,0.000000
NonPoliticalTwitter,NonPoliticalTwitter,0.000000
ShitAmericansSay,ShitAmericansSay,0.000000
Infographics,Infographics,0.000000
decadeology,decadeology,0.000000
mapporncirclejerk,mapporncirclejerk,0.000000
austrian_economics,austrian_economics,0.000000
starterpacks,starterpacks,0.000000
SnapshotHistory,SnapshotHistory,0.000000
OutOfTheLoop,OutOfTheLoop,0.000000
aww,aww,0.000000
videos,videos,0.000000
wikipedia,wikipedia,0.000000
gadgets,gadgets,0.000000
AskHistory,AskHistory,0.000000
2westerneurope4u,2westerneurope4u,0.000000
bestofinternet,bestofinternet,0.000000
NatureIsFuckingLit,NatureIsFuckingLit,0.000000
AbsoluteUnits,AbsoluteUnits,0.000000
GetNoted,GetNoted,0.000000
WatchPeopleDieInside,WatchPeopleDieInside,0.000000
RareHistoricalPhotos,RareHistoricalPhotos,0.000000
InterestingToRead,InterestingToRead,0.000000
Letterboxd,Letterboxd,0.000000
technicallythetruth,technicallythetruth,0.000000
PropagandaPosters,PropagandaPosters,0.000000
AskOldPeople,AskOldPeople,0.000000
confession,confession,0.000000
AskMenAdvice,AskMenAdvice,0.000000
hypotheticalsituation,hypotheticalsituation,0.000000
AnythingGoesNews,AnythingGoesNews,0.000000
unusual_whales,unusual_whales,0.000000
Bumperstickers,Bumperstickers,0.000000
johnoliver,johnoliver,0.000000
gamingmemes,gamingmemes,0.000000
Salary,Salary,0.000000
malelivingspace,malelivingspace,0.000000
LinkedInLunatics,LinkedInLunatics,0.000000
jobs,jobs,0.000000
OptimistsUnite,OptimistsUnite,0.000000
WomenInNews,WomenInNews,0.000000
whatif,whatif,0.000000
singularity,singularity,0.000000
StupidFood,StupidFood,0.000000
AbruptChaos,AbruptChaos,0.000000
Jordan_Peterson_Memes,Jordan_Peterson_Memes,0.000000
askgaybros,askgaybros,0.000000
AskGaybrosOver30,AskGaybrosOver30,0.000000
shittyaskscience,shittyaskscience,0.000000
tall,tall,0.000000
musicsuggestions,musicsuggestions,0.000000
StrangeAndFunny,StrangeAndFunny,0.000000
hygiene,hygiene,0.000000
Truthoffmychest,Truthoffmychest,0.000000
CombatFootage,CombatFootage,0.000000
FunnyandSad,FunnyandSad,0.000000
Bumble,Bumble,0.000000
BreakUps,BreakUps,0.000000
MusicRecommendations,MusicRecommendations,0.000000
Biohackers,Biohackers,0.000000
malehairadvice,malehairadvice,0.000000
bald,bald,0.000000
BestofRedditorUpdates,BestofRedditorUpdates,0.000000
tragedeigh,tragedeigh,0.000000
FridgeDetective,FridgeDetective,0.000000
shittytattoos,shittytattoos,0.000000
horror,horror,0.000000
itsthatbad,itsthatbad,0.000000
VindictaRateCelebs,VindictaRateCelebs,0.000000
DecodingTheGurus,DecodingTheGurus,0.000000
idiocracy,idiocracy,0.000000
workplace_bullying,workplace_bullying,0.000000
psychology,psychology,0.000000
Rich,Rich,0.000000
popculture,popculture,0.000000
AskWomenOver40,AskWomenOver40,0.000000
redditonwiki,redditonwiki,0.000000
TravelMaps,TravelMaps,0.000000
Wild_Politics,Wild_Politics,0.000000
FavoriteCharacter,FavoriteCharacter,0.000000
scifi,scifi,0.000000
Marvel,Marvel,0.000000
nostalgia,nostalgia,0.000000
shittyfoodporn,shittyfoodporn,0.000000
Xennials,Xennials,0.000000
okbuddycinephile,okbuddycinephile,0.000000
skeptic,skeptic,0.000000
MildlyBadDrivers,MildlyBadDrivers,0.000000
sitcoms,sitcoms,0.000000
flicks,flicks,0.000000
90s,90s,0.000000
cscareerquestions,cscareerquestions,0.000000
csMajors,csMajors,0.000000
coolguides,coolguides,0.000000
Teachers,Teachers,0.000000
mumbai,mumbai,0.000000
AskIndia,AskIndia,0.000000
PrepperIntel,PrepperIntel,0.000000
shortguys,shortguys,0.000000
union,union,0.000000
CuratedTumblr,CuratedTumblr,0.000000
USHistory,USHistory,0.000000
economy,economy,0.000000
MiddleClassFinance,MiddleClassFinance,0.000000
Iowa,Iowa,0.000000
IBEW,IBEW,0.000000
wisconsin,wisconsin,0.000000
babylonbee,babylonbee,0.000000
NoShitSherlock,NoShitSherlock,0.000000
energy,energy,0.000000
BlueskySocial,BlueskySocial,0.000000
nytimes,nytimes,0.000000
Seattle,Seattle,0.000000
SeattleWA,SeattleWA,0.000000
Costco,Costco,0.000000
WomenAreViolentToo,WomenAreViolentToo,0.000000
desimemes,desimemes,0.000000
indianmemer,indianmemer,0.000000
IndiaSpeaks,IndiaSpeaks,0.000000
delhi,delhi,0.000000
onexindia,onexindia,0.000000
LegalAdviceIndia,LegalAdviceIndia,0.000000
indiameme,indiameme,0.000000
sunraybee,sunraybee,0.000000
TeenIndia,TeenIndia,0.000000
thugeshh,thugeshh,0.000000
IAmTheMainCharacter,IAmTheMainCharacter,0.000000
punk,punk,0.000000
badfacebookmemes,badfacebookmemes,0.000000
minnesota,minnesota,0.000000
MMA,MMA,0.000000
Money,Money,0.000000
whenthe,whenthe,0.000000
rosesarered,rosesarered,0.000000
YuB,YuB,0.000000
GenAlpha,GenAlpha,0.000000
OpenAI,OpenAI,0.000000
Parenting,Parenting,0.000000
daddit,daddit,0.000000
AskAnAustralian,AskAnAustralian,0.000000
AusFinance,AusFinance,0.000000
melbourne,melbourne,0.000000
IndianTeenagers,IndianTeenagers,0.000000
UFOB,UFOB,0.000000
ufo,ufo,0.000000
InterdimensionalNHI,InterdimensionalNHI,0.000000
AskCanada,AskCanada,0.000000
personalfinanceindia,personalfinanceindia,0.000000
developersIndia,developersIndia,0.000000
IndiaTech,IndiaTech,0.000000
bangalore,bangalore,0.000000
TerrifyingAsFuck,TerrifyingAsFuck,0.000000
whatcarshouldIbuy,whatcarshouldIbuy,0.000000
40kLore,40kLore,0.000000
LivestreamFail,LivestreamFail,0.000000
pcgaming,pcgaming,0.000000
centrist,centrist,0.000000
ukraine,ukraine,0.000000
RandomQuestion,RandomQuestion,0.000000
funnysigns,funnysigns,0.000000
Awww,Awww,0.000000
AmITheJerk,AmITheJerk,0.000000
IntellectualDarkWeb,IntellectualDarkWeb,0.000000
FutureWhatIf,FutureWhatIf,0.000000
onionheadlines,onionheadlines,0.000000
FIlm,FIlm,0.000000
antiwork,antiwork,0.000000
WorkReform,WorkReform,0.000000
DeadBedrooms,DeadBedrooms,0.000000
bodylanguage,bodylanguage,0.000000
theydidthemath,theydidthemath,0.000000
oddlysatisfying,oddlysatisfying,0.000000
dataisbeautiful,dataisbeautiful,0.000000
malementalhealth,malementalhealth,0.000000
ScenesFromAHat,ScenesFromAHat,0.000000
NotHowGirlsWork,NotHowGirlsWork,0.000000
HolUp,HolUp,0.000000
badroommates,badroommates,0.000000
JordanPeterson,JordanPeterson,0.000000
uglyduckling,uglyduckling,0.000000
PS5,PS5,0.000000
HighStrangeness,HighStrangeness,0.000000
ProgrammerHumor,ProgrammerHumor,0.000000
DiWHY,DiWHY,0.000000
bizarrelife,bizarrelife,0.000000
theviralthings,theviralthings,0.000000
Chadtopia,Chadtopia,0.000000
Ohio,Ohio,0.000000
preppers,preppers,0.000000
USNewsHub,USNewsHub,0.000000
tifu,tifu,0.000000
indiadiscussion,indiadiscussion,0.000000
UrbanHell,UrbanHell,0.000000
massachusetts,massachusetts,0.000000
offbeat,offbeat,0.000000
unitedstatesofindia,unitedstatesofindia,0.000000
sciencememes,sciencememes,0.000000
UpliftingNews,UpliftingNews,0.000000
doordash,doordash,0.000000
creepy,creepy,0.000000
KitchenConfidential,KitchenConfidential,0.000000
JackSucksAtGeography,JackSucksAtGeography,0.000000
lies,lies,0.000000
AskOuija,AskOuija,0.000000
TheLetterH,TheLetterH,0.000000
CarsAustralia,CarsAustralia,0.000000
sadposting,sadposting,0.000000
blursed_videos,blursed_videos,0.000000
AmItheKameena,AmItheKameena,0.000000
indianrailways,indianrailways,0.000000
TheLastOfUs2,TheLastOfUs2,0.000000
findapath,findapath,0.000000
WhitePeopleTwitter,WhitePeopleTwitter,0.000000
interestingasfuck,interestingasfuck,0.000000
AskMen,AskMen,0.000000
WTF,WTF,0.000000
iamatotalpieceofshit,iamatotalpieceofshit,0.000000
sex,sex,0.000000
Pennsylvania,Pennsylvania,0.000000
AITH,AITH,0.000000
Waiting_To_Wed,Waiting_To_Wed,0.000000
Futurology,Futurology,0.000000
space,space,0.000000
LifeProTips,LifeProTips,0.000000
Canada_sub,Canada_sub,0.000000
fightporn,fightporn,0.000000
JustGuysBeingDudes,JustGuysBeingDudes,0.000000
MURICA,MURICA,0.000000
youtubedrama,youtubedrama,0.000000
Piracy,Piracy,0.000000
UnethicalLifeProTips,UnethicalLifeProTips,0.000000
StarWars,StarWars,0.000000
conspiracy_commons,conspiracy_commons,0.000000
CFB,CFB,0.000000
CanadaHousing2,CanadaHousing2,0.000000
ontario,ontario,0.000000
antinatalism,antinatalism,0.000000
Destiny,Destiny,0.000000
Comebacks,Comebacks,0.000000
malegrooming,malegrooming,0.000000
relationships,relationships,0.000000
MemeVideos,MemeVideos,0.000000
me_irl,me_irl,0.000000
80s,80s,0.000000
dankmemes,dankmemes,0.000000
4chan,4chan,0.000000
CringeTikToks,CringeTikToks,0.000000
Presidents,Presidents,0.000000
india,india,0.000000
no,no,0.000000
TooAfraidToAsk,TooAfraidToAsk,0.000000
Anarcho_Capitalism,Anarcho_Capitalism,0.000000
Intactivism,Intactivism,0.000000
CircumcisionGrief,CircumcisionGrief,0.000000
oddlyterrifying,oddlyterrifying,0.000000
AskRedditNSFW,AskRedditNSFW,0.000000
PoliticalHumor,PoliticalHumor,0.000000
CasualConversation,CasualConversation,0.000000
shittymoviedetails,shittymoviedetails,0.000000
povertyfinance,povertyfinance,0.000000
Gamingcirclejerk,Gamingcirclejerk,0.000000
OnlineDating,OnlineDating,0.000000
conspiracytheories,conspiracytheories,0.000000
gaybros,gaybros,0.000000
askteenboys,askteenboys,0.000000
Teenager,Teenager,0.000000
moraldilemmas,moraldilemmas,0.000000
gamingsuggestions,gamingsuggestions,0.000000
batman,batman,0.000000
funnyvideos,funnyvideos,0.000000
Economics,Economics,0.000000
indiasocial,indiasocial,0.000000
stocks,stocks,0.000000
PcBuild,PcBuild,0.000000
idksterling,idksterling,0.000000
mattrose,mattrose,0.000000
greentext,greentext,0.000000
UkrainianConflict,UkrainianConflict,0.000000
trashy,trashy,0.000000
careerguidance,careerguidance,0.000000
answers,answers,0.000000
AskAnAmerican,AskAnAmerican,0.000000
cats,cats,0.000000
libsofreddit,libsofreddit,0.000000
CryptoCurrency,CryptoCurrency,0.000000
2meirl4meirl,2meirl4meirl,0.000000
abanpreach,abanpreach,0.000000
ShitPoliticsSays,ShitPoliticsSays,0.000000
AmericaBad,AmericaBad,0.000000
australian,australian,0.000000
TwoXChromosomes,TwoXChromosomes,0.000000
AskFeminists,AskFeminists,0.000000
PickUpArtist,PickUpArtist,0.000000
unitedkingdom,unitedkingdom,0.000000
CasualUK,CasualUK,0.000000
GreatBritishMemes,GreatBritishMemes,0.000000
uknews,uknews,0.000000
TheDonaldTrump2024,TheDonaldTrump2024,0.000000
sports,sports,0.000000
PoliticalDiscussion,PoliticalDiscussion,0.000000
worldnewsvideo,worldnewsvideo,0.000000
cyberpunkgame,cyberpunkgame,0.000000
MovieSuggestions,MovieSuggestions,0.000000
superheroes,superheroes,0.000000
Whatcouldgowrong,Whatcouldgowrong,0.000000
circlejerkaustralia,circlejerkaustralia,0.000000
australia,australia,0.000000
Eldenring,Eldenring,0.000000
AskIndianWomen,AskIndianWomen,0.000000
Bitcoin,Bitcoin,0.000000
foreskin_restoration,foreskin_restoration,0.000000
insanepeoplefacebook,insanepeoplefacebook,0.000000
marvelstudios,marvelstudios,0.000000
GuysBeingDudes,GuysBeingDudes,0.000000
TheBidenshitshow,TheBidenshitshow,0.000000
UKJobs,UKJobs,0.000000
NFLv2,NFLv2,0.000000
Games,Games,0.000000
CarsIndia,CarsIndia,0.000000
ukpolitics,ukpolitics,0.000000
drivingUK,drivingUK,0.000000
Libertarian,Libertarian,0.000000
TheRedPill,TheRedPill,0.000000
buildapc,buildapc,0.000000
london,london,0.000000
askMRP,askMRP,0.000000
marriedredpill,marriedredpill,0.000000
